{
    "queryId": "q101",
    "query": "for sale",
    "result": {
        "doc-112": 0.23158132,
        "doc-106": 0.21285804,
        "doc-114": 0.20737509,
        "doc-126": 0.19886718,
        "doc-143": 0.19219909,
        "doc-108": 0.18678216,
        "doc-104": 0.18526315,
        "doc-134": 0.17537245,
        "doc-123": 0.17341678,
        "doc-141": 0.17165181,
        "doc-127": 0.16951068,
        "doc-139": 0.16913651,
        "doc-136": 0.16745295,
        "doc-111": 0.16489925,
        "doc-125": 0.16418013,
        "doc-128": 0.15958187,
        "doc-138": 0.14813623,
        "doc-115": 0.1399061,
        "doc-103": 0.13691632,
        "doc-124": 0.13632943
    },
    "precision": 1.0,
    "recall": 0.45454545454545453,
    "fscore": 0.625
}