{
    "queryId": "q102",
    "query": "for sale at best or reasonable offer",
    "result": {
        "doc-106": 0.28802984,
        "doc-126": 0.27776512,
        "doc-124": 0.2650948,
        "doc-123": 0.23465971,
        "doc-144": 0.22696902,
        "doc-125": 0.2221611,
        "doc-113": 0.18502627,
        "doc-143": 0.17503189,
        "doc-122": 0.16004764,
        "doc-128": 0.15735678,
        "doc-110": 0.14160676,
        "doc-116": 0.13296036,
        "doc-112": 0.11579066,
        "doc-317": 0.11556424,
        "doc-120": 0.11431582,
        "doc-131": 0.10613909,
        "doc-114": 0.10368754,
        "doc-108": 0.09339108,
        "doc-104": 0.09263157,
        "doc-134": 0.08768622
    },
    "precision": 0.95,
    "recall": 0.4318181818181818,
    "fscore": 0.59375
}