{
    "queryId": "q103",
    "query": "for sale in good or excellent condition",
    "result": {
        "doc-105": 0.23420327,
        "doc-111": 0.22714466,
        "doc-125": 0.22615408,
        "doc-128": 0.21982009,
        "doc-144": 0.18838949,
        "doc-115": 0.18032727,
        "doc-131": 0.17631762,
        "doc-104": 0.16627326,
        "doc-134": 0.15739638,
        "doc-129": 0.15618172,
        "doc-141": 0.15301361,
        "doc-116": 0.13719044,
        "doc-504": 0.13499129,
        "doc-112": 0.11579066,
        "doc-135": 0.11481436,
        "doc-118": 0.11172612,
        "doc-106": 0.10642902,
        "doc-306": 0.10509975,
        "doc-114": 0.10368754,
        "doc-102": 0.1015043
    },
    "precision": 0.9,
    "recall": 0.4090909090909091,
    "fscore": 0.5625000000000001
}