{
    "queryId": "q106",
    "query": "camera for sale",
    "result": {
        "doc-127": 0.36999624,
        "doc-128": 0.34832432,
        "doc-112": 0.16375272,
        "doc-106": 0.15051337,
        "doc-114": 0.14663633,
        "doc-126": 0.14062033,
        "doc-143": 0.13590528,
        "doc-108": 0.13207493,
        "doc-104": 0.13100083,
        "doc-134": 0.12400705,
        "doc-123": 0.12262418,
        "doc-141": 0.12137616,
        "doc-139": 0.11959757,
        "doc-136": 0.11840711,
        "doc-111": 0.11660138,
        "doc-125": 0.11609289,
        "doc-138": 0.10474813,
        "doc-115": 0.09892856,
        "doc-103": 0.09681446,
        "doc-124": 0.09639947
    },
    "precision": 1.0,
    "recall": 0.45454545454545453,
    "fscore": 0.625
}