{
    "queryId": "q109",
    "query": "for sale at $15",
    "result": {
        "doc-104": 0.27093906,
        "doc-120": 0.18357904,
        "doc-112": 0.16375272,
        "doc-101": 0.1534667,
        "doc-106": 0.15051337,
        "doc-114": 0.14663633,
        "doc-126": 0.14062033,
        "doc-143": 0.13590528,
        "doc-108": 0.13207493,
        "doc-134": 0.12400705,
        "doc-123": 0.12262418,
        "doc-141": 0.12137616,
        "doc-109": 0.12132314,
        "doc-127": 0.11986215,
        "doc-139": 0.11959757,
        "doc-136": 0.11840711,
        "doc-111": 0.11660138,
        "doc-125": 0.11609289,
        "doc-128": 0.11284142,
        "doc-132": 0.11242831
    },
    "precision": 1.0,
    "recall": 0.45454545454545453,
    "fscore": 0.625
}