{
    "queryId": "q110",
    "query": "for sale at $200",
    "result": {
        "doc-111": 0.24115778,
        "doc-135": 0.18836366,
        "doc-112": 0.16375272,
        "doc-107": 0.16184712,
        "doc-106": 0.15051337,
        "doc-114": 0.14663633,
        "doc-126": 0.14062033,
        "doc-143": 0.13590528,
        "doc-108": 0.13207493,
        "doc-104": 0.13100083,
        "doc-525": 0.12942193,
        "doc-134": 0.12400705,
        "doc-123": 0.12262418,
        "doc-141": 0.12137616,
        "doc-127": 0.11986215,
        "doc-139": 0.11959757,
        "doc-136": 0.11840711,
        "doc-125": 0.11609289,
        "doc-128": 0.11284142,
        "doc-329": 0.10533341
    },
    "precision": 0.9,
    "recall": 0.4090909090909091,
    "fscore": 0.5625000000000001
}