{
    "queryId": "q201",
    "query": "Israel, Palestine, Gaza and Arabs",
    "result": {
        "doc-233": 0.27397086,
        "doc-220": 0.23765772,
        "doc-240": 0.20154208,
        "doc-224": 0.17833934,
        "doc-222": 0.17712122,
        "doc-231": 0.15491872,
        "doc-230": 0.15393831,
        "doc-228": 0.14482437,
        "doc-206": 0.14042991,
        "doc-208": 0.13474654,
        "doc-210": 0.12338083,
        "doc-211": 0.12224914,
        "doc-239": 0.1088888,
        "doc-232": 0.1082067,
        "doc-225": 0.10617641,
        "doc-227": 0.09572594,
        "doc-238": 0.09477757,
        "doc-204": 0.08846065,
        "doc-215": 0.08777401,
        "doc-226": 0.0861307
    },
    "precision": 1.0,
    "recall": 0.5,
    "fscore": 0.6666666666666666
}