{
    "queryId": "q202",
    "query": "Jews and Muslims",
    "result": {
        "doc-223": 0.32868469,
        "doc-209": 0.30869001,
        "doc-202": 0.25279238,
        "doc-211": 0.20712956,
        "doc-206": 0.18438744,
        "doc-225": 0.18046856,
        "doc-228": 0.16847358,
        "doc-338": 0.16423474,
        "doc-201": 0.11391363,
        "doc-219": 0.10646572,
        "doc-324": 0.0834815,
        "doc-207": 0.08260254,
        "doc-233": 0.08103536,
        "doc-208": 0.07905665,
        "doc-216": 0.07847574,
        "doc-239": 0.07685594,
        "doc-234": 0.07318563,
        "doc-336": 0.06070731,
        "doc-213": 0.06052682
    },
    "precision": 0.8,
    "recall": 0.4,
    "fscore": 0.5333333333333333
}