{
    "queryId": "q203",
    "query": "Jewish and Arab terrorists",
    "result": {
        "doc-211": 0.32889188,
        "doc-208": 0.22630517,
        "doc-238": 0.2253246,
        "doc-237": 0.22202675,
        "doc-218": 0.19228851,
        "doc-233": 0.16334625,
        "doc-232": 0.14977347,
        "doc-213": 0.14127241,
        "doc-229": 0.1379264,
        "doc-235": 0.13650407,
        "doc-239": 0.13366623,
        "doc-225": 0.12260195,
        "doc-228": 0.09996442,
        "doc-201": 0.09440343,
        "doc-214": 0.08832122,
        "doc-223": 0.08059542,
        "doc-206": 0.06959708,
        "doc-231": 0.06917462,
        "doc-216": 0.0662897,
        "doc-222": 0.06141978
    },
    "precision": 1.0,
    "recall": 0.5,
    "fscore": 0.6666666666666666
}