{
    "queryId": "q204",
    "query": "the Holocaust",
    "result": {
        "doc-216": 0.3204491,
        "doc-219": 0.2567667,
        "doc-223": 0.17532314,
        "doc-213": 0.11777125
    },
    "precision": 0.2,
    "recall": 0.1,
    "fscore": 0.13333333333333333
}