{
    "queryId": "q208",
    "query": "the Old City of Jerusalem",
    "result": {
        "doc-239": 0.39293523,
        "doc-529": 0.28046405,
        "doc-235": 0.21958351,
        "doc-232": 0.14385132,
        "doc-234": 0.1337911,
        "doc-406": 0.1204195,
        "doc-105": 0.10939729,
        "doc-524": 0.10719942,
        "doc-139": 0.10431316,
        "doc-523": 0.08718359,
        "doc-302": 0.08530326,
        "doc-223": 0.07750618,
        "doc-425": 0.07019708,
        "doc-137": 0.06503441,
        "doc-101": 0.06428478,
        "doc-311": 0.06372221,
        "doc-236": 0.0579201,
        "doc-520": 0.05349942,
        "doc-530": 0.05274827,
        "doc-109": 0.05082035
    },
    "precision": 0.3,
    "recall": 0.15,
    "fscore": 0.2
}