{
    "queryId": "q209",
    "query": "Israel an apartheid state",
    "result": {
        "doc-233": 0.4575518,
        "doc-228": 0.22442821,
        "doc-204": 0.16898981,
        "doc-227": 0.16889356,
        "doc-210": 0.14246791,
        "doc-220": 0.14036379,
        "doc-224": 0.13895848,
        "doc-214": 0.13271292,
        "doc-230": 0.11781833,
        "doc-231": 0.10971011,
        "doc-215": 0.1013527,
        "doc-226": 0.09945517,
        "doc-240": 0.08167478,
        "doc-325": 0.07697786,
        "doc-212": 0.07369177,
        "doc-206": 0.07223296,
        "doc-236": 0.07186758,
        "doc-107": 0.069098,
        "doc-144": 0.06532978,
        "doc-239": 0.06081254
    },
    "precision": 0.85,
    "recall": 0.425,
    "fscore": 0.5666666666666667
}