{
    "queryId": "q210",
    "query": "peace talks between Israel and the Palestinians",
    "result": {
        "doc-215": 0.407318,
        "doc-231": 0.36791883,
        "doc-228": 0.23528064,
        "doc-227": 0.20878028,
        "doc-222": 0.19024356,
        "doc-201": 0.15558181,
        "doc-216": 0.13328203,
        "doc-233": 0.13250886,
        "doc-210": 0.12338083,
        "doc-224": 0.12034158,
        "doc-240": 0.11053802,
        "doc-230": 0.10203367,
        "doc-214": 0.09449385,
        "doc-204": 0.08846065,
        "doc-226": 0.0861307,
        "doc-304": 0.07194955,
        "doc-410": 0.06787997,
        "doc-310": 0.0674579,
        "doc-208": 0.06397972,
        "doc-236": 0.06223915
    },
    "precision": 0.85,
    "recall": 0.425,
    "fscore": 0.5666666666666667
}