{
    "queryId": "q301",
    "query": "religion and atheism",
    "result": {
        "doc-331": 0.29962047,
        "doc-237": 0.22294647,
        "doc-318": 0.14537074,
        "doc-305": 0.12787496,
        "doc-316": 0.10318287,
        "doc-329": 0.09585633,
        "doc-311": 0.08914753,
        "doc-228": 0.0828455,
        "doc-334": 0.0765223,
        "doc-328": 0.07539832,
        "doc-326": 0.07344411
    },
    "precision": 0.45,
    "recall": 0.23684210526315788,
    "fscore": 0.3103448275862069
}