{
    "queryId": "q302",
    "query": "why do people become atheists",
    "result": {
        "doc-305": 0.46996475,
        "doc-327": 0.16853159,
        "doc-313": 0.1598787,
        "doc-210": 0.12795307,
        "doc-324": 0.12327856,
        "doc-310": 0.11758307,
        "doc-336": 0.09053627,
        "doc-333": 0.08546475,
        "doc-331": 0.08431051,
        "doc-237": 0.08382553,
        "doc-207": 0.08028482,
        "doc-320": 0.07716545,
        "doc-213": 0.07282692,
        "doc-221": 0.0678683,
        "doc-218": 0.06372793,
        "doc-418": 0.06183726,
        "doc-316": 0.06093265,
        "doc-220": 0.05980237,
        "doc-406": 0.05875746,
        "doc-334": 0.05732274
    },
    "precision": 0.55,
    "recall": 0.2894736842105263,
    "fscore": 0.37931034482758624
}