{
    "queryId": "q303",
    "query": "heaven and hell",
    "result": {
        "doc-307": 0.4022301,
        "doc-314": 0.21444892,
        "doc-321": 0.20073595,
        "doc-310": 0.15524528,
        "doc-335": 0.10452549,
        "doc-332": 0.10037827
    },
    "precision": 0.3,
    "recall": 0.15789473684210525,
    "fscore": 0.20689655172413793
}