{
  "queryId": "q304",
  "query": "origins of the Bible",
  "result": {
    "doc-325": 0.40652596,
    "doc-311": 0.255624,
    "doc-330": 0.16904081,
    "doc-314": 0.14995212,
    "doc-102": 0.11982542,
    "doc-514": 0.08609103,
    "doc-317": 0.08557593,
    "doc-105": 0.08228706,
    "doc-101": 0.08187057,
    "doc-135": 0.08059679,
    "doc-504": 0.0793574,
    "doc-113": 0.07840474,
    "doc-133": 0.07709907,
    "doc-520": 0.06813477,
    "doc-326": 0.06685874,
    "doc-433": 0.0667946
  },
  "precision": 0.3,
  "recall": 0.15789473684210525,
  "fscore": 0.20689655172413793
}
