{
    "queryId": "q305",
    "query": "logic and ability to reason",
    "result": {
        "doc-317": 0.41495814,
        "doc-330": 0.30137155,
        "doc-126": 0.11161421,
        "doc-421": 0.0983966,
        "doc-307": 0.09370251,
        "doc-327": 0.09058187,
        "doc-128": 0.08956533,
        "doc-513": 0.08722861,
        "doc-438": 0.07644736,
        "doc-113": 0.07032269,
        "doc-334": 0.05964184,
        "doc-224": 0.05857485,
        "doc-318": 0.05655867
    },
    "precision": 0.3,
    "recall": 0.15789473684210525,
    "fscore": 0.20689655172413793
}