{
    "queryId": "q306",
    "query": "faith and dogma",
    "result": {
        "doc-328": 0.43692464,
        "doc-312": 0.24128321,
        "doc-302": 0.12665257,
        "doc-305": 0.11330646,
        "doc-301": 0.10091985,
        "doc-311": 0.09461048,
        "doc-337": 0.09037478
    },
    "precision": 0.35,
    "recall": 0.18421052631578946,
    "fscore": 0.24137931034482757
}