{
    "queryId": "q307",
    "query": "moral or immoral",
    "result": {
        "doc-322": 0.59383621,
        "doc-217": 0.35655863,
        "doc-323": 0.27608104,
        "doc-324": 0.22140458
    },
    "precision": 0.15,
    "recall": 0.07894736842105263,
    "fscore": 0.10344827586206896
}