{
    "queryId": "q308",
    "query": "who is a Christian",
    "result": {
        "doc-319": 0.44855987,
        "doc-308": 0.33365272,
        "doc-337": 0.31425291,
        "doc-328": 0.18053915,
        "doc-332": 0.12918418,
        "doc-338": 0.12489241,
        "doc-324": 0.11476464,
        "doc-228": 0.09781897
    },
    "precision": 0.35,
    "recall": 0.18421052631578946,
    "fscore": 0.24137931034482757
}