{
    "queryId": "q309",
    "query": "God and free will",
    "result": {
        "doc-306": 0.34291304,
        "doc-401": 0.23254134,
        "doc-335": 0.21717136,
        "doc-332": 0.19493464,
        "doc-336": 0.18397873,
        "doc-312": 0.15892452,
        "doc-338": 0.15156572,
        "doc-321": 0.14939206,
        "doc-217": 0.1386971,
        "doc-423": 0.12633942,
        "doc-311": 0.12343881,
        "doc-310": 0.11553691,
        "doc-314": 0.11159763,
        "doc-317": 0.10783225,
        "doc-225": 0.08832659,
        "doc-305": 0.0873117,
        "doc-316": 0.08438307,
        "doc-307": 0.08208714,
        "doc-237": 0.07640544,
        "doc-318": 0.07351479
    },
    "precision": 0.75,
    "recall": 0.39473684210526316,
    "fscore": 0.5172413793103448
}