{
    "queryId": "q401",
    "query": "space",
    "result": {
        "doc-434": 0.33047744,
        "doc-411": 0.29886899,
        "doc-420": 0.27105345,
        "doc-408": 0.26115395,
        "doc-414": 0.25752807,
        "doc-403": 0.25628256,
        "doc-439": 0.23695237,
        "doc-436": 0.23139003,
        "doc-415": 0.20554725,
        "doc-407": 0.20435454,
        "doc-406": 0.20130147,
        "doc-431": 0.19206988,
        "doc-528": 0.18102005,
        "doc-421": 0.1202255,
        "doc-432": 0.11467372,
        "doc-417": 0.10995645
    },
    "precision": 0.75,
    "recall": 0.35714285714285715,
    "fscore": 0.48387096774193544
}