{
    "queryId": "q403",
    "query": "Hubble Space Telescope",
    "result": {
        "doc-411": 0.63953719,
        "doc-408": 0.55883235,
        "doc-434": 0.5571837,
        "doc-439": 0.50704441,
        "doc-420": 0.15649278,
        "doc-414": 0.1486839,
        "doc-403": 0.1479648,
        "doc-436": 0.1335931,
        "doc-415": 0.11867276,
        "doc-407": 0.11798415,
        "doc-406": 0.11622146,
        "doc-431": 0.1108916,
        "doc-528": 0.10451198,
        "doc-421": 0.06941223,
        "doc-432": 0.0662069,
        "doc-417": 0.06348339
    },
    "precision": 0.75,
    "recall": 0.35714285714285715,
    "fscore": 0.48387096774193544
}