{
    "queryId": "q404",
    "query": "Jet Propulsion Laboratory",
    "result": {
        "doc-429": 0.55304256,
        "doc-402": 0.36608346,
        "doc-423": 0.33867983,
        "doc-432": 0.18801317,
        "doc-137": 0.14380707
    },
    "precision": 0.2,
    "recall": 0.09523809523809523,
    "fscore": 0.12903225806451613
}