{
    "queryId": "q405",
    "query": "satellite around Pluto",
    "result": {
        "doc-437": 0.5364289,
        "doc-428": 0.24878785,
        "doc-414": 0.22437885,
        "doc-442": 0.21620063,
        "doc-436": 0.20280944,
        "doc-440": 0.19719202,
        "doc-401": 0.18404404,
        "doc-526": 0.11753741,
        "doc-142": 0.10647206,
        "doc-507": 0.09781361,
        "doc-523": 0.08885896,
        "doc-417": 0.07729307,
        "doc-425": 0.06571596,
        "doc-226": 0.06508365,
        "doc-524": 0.06453038,
        "doc-113": 0.06274645,
        "doc-324": 0.05912092,
        "doc-314": 0.05871656,
        "doc-520": 0.0545275
    },
    "precision": 0.45,
    "recall": 0.21428571428571427,
    "fscore": 0.29032258064516125
}