{
    "queryId": "q406",
    "query": "breathable liquid",
    "result": {
        "doc-419": 0.45789668,
        "doc-435": 0.11603716,
        "doc-430": 0.11453117
    },
    "precision": 0.15,
    "recall": 0.07142857142857142,
    "fscore": 0.09677419354838708
}