{
    "queryId": "q407",
    "query": "historic space flights",
    "result": {
        "doc-403": 0.66111867,
        "doc-408": 0.25858907,
        "doc-434": 0.19080124,
        "doc-411": 0.17255209,
        "doc-420": 0.15649278,
        "doc-414": 0.1486839,
        "doc-439": 0.13680452,
        "doc-436": 0.1335931,
        "doc-415": 0.11867276,
        "doc-407": 0.11798415,
        "doc-406": 0.11622146,
        "doc-431": 0.1108916,
        "doc-528": 0.10451198,
        "doc-229": 0.07872807,
        "doc-421": 0.06941223,
        "doc-432": 0.0662069,
        "doc-214": 0.06551468,
        "doc-417": 0.06348339,
        "doc-223": 0.05978385
    },
    "precision": 0.75,
    "recall": 0.35714285714285715,
    "fscore": 0.48387096774193544
}