{
    "queryId": "q408",
    "query": "interstellar radiation field and density",
    "result": {
        "doc-424": 0.56630849,
        "doc-410": 0.12745181,
        "doc-430": 0.08098577,
        "doc-426": 0.06383026,
        "doc-212": 0.04502831
    },
    "precision": 0.2,
    "recall": 0.09523809523809523,
    "fscore": 0.12903225806451613
}