{
    "queryId": "q409",
    "query": "long distance space projects",
    "result": {
        "doc-406": 0.53704502,
        "doc-434": 0.16523872,
        "doc-411": 0.1494345,
        "doc-420": 0.13552672,
        "doc-408": 0.13057697,
        "doc-414": 0.12876404,
        "doc-403": 0.12814128,
        "doc-438": 0.12694577,
        "doc-439": 0.11847619,
        "doc-436": 0.11569501,
        "doc-415": 0.10277362,
        "doc-407": 0.10217727,
        "doc-431": 0.09603494,
        "doc-528": 0.09051003,
        "doc-144": 0.06522969,
        "doc-419": 0.06105779,
        "doc-421": 0.06011275,
        "doc-314": 0.0586266,
        "doc-432": 0.05733686,
        "doc-417": 0.05497822
    },
    "precision": 0.85,
    "recall": 0.40476190476190477,
    "fscore": 0.5483870967741935
}