{
    "queryId": "q410",
    "query": "single launch space station",
    "result": {
        "doc-431": 0.60719099,
        "doc-413": 0.19977159,
        "doc-415": 0.1888197,
        "doc-434": 0.16523872,
        "doc-411": 0.1494345,
        "doc-420": 0.13552672,
        "doc-408": 0.13057697,
        "doc-414": 0.12876404,
        "doc-403": 0.12814128,
        "doc-439": 0.11847619,
        "doc-436": 0.11569501,
        "doc-407": 0.10217727,
        "doc-406": 0.10065073,
        "doc-141": 0.09993007,
        "doc-528": 0.09051003,
        "doc-509": 0.08782873,
        "doc-120": 0.07307828,
        "doc-442": 0.06067039,
        "doc-421": 0.06011275,
        "doc-213": 0.05888562
    },
    "precision": 0.75,
    "recall": 0.35714285714285715,
    "fscore": 0.48387096774193544
}