{
    "queryId": "q501",
    "query": "wanted",
    "result": {
        "doc-505": 0.31455047,
        "doc-515": 0.19348676,
        "doc-521": 0.18934108,
        "doc-522": 0.18717126,
        "doc-107": 0.16951379,
        "doc-529": 0.15723098,
        "doc-508": 0.14120096,
        "doc-526": 0.13739896,
        "doc-512": 0.13445366,
        "doc-528": 0.12901802,
        "doc-524": 0.12772217,
        "doc-532": 0.12143575,
        "doc-527": 0.11637012,
        "doc-519": 0.11486753,
        "doc-507": 0.11434222,
        "doc-317": 0.11229395,
        "doc-536": 0.11169997,
        "doc-510": 0.10926038,
        "doc-535": 0.10860652,
        "doc-503": 0.10825852
    },
    "precision": 0.9,
    "recall": 0.5,
    "fscore": 0.6428571428571429
}