{
    "queryId": "q502",
    "query": "calculator wanted",
    "result": {
        "doc-508": 0.43607517,
        "doc-507": 0.35312653,
        "doc-505": 0.22242077,
        "doc-515": 0.1368158,
        "doc-521": 0.13388436,
        "doc-522": 0.13235007,
        "doc-107": 0.11986435,
        "doc-529": 0.1111791,
        "doc-526": 0.09715574,
        "doc-512": 0.09507309,
        "doc-528": 0.09122952,
        "doc-524": 0.09031321,
        "doc-532": 0.08586804,
        "doc-527": 0.0822861,
        "doc-519": 0.08122361,
        "doc-317": 0.07940381,
        "doc-536": 0.0789838,
        "doc-510": 0.07725875,
        "doc-117": 0.07716141,
        "doc-535": 0.07679641
    },
    "precision": 0.85,
    "recall": 0.4722222222222222,
    "fscore": 0.6071428571428571
}