{
    "queryId": "q503",
    "query": "monitor wanted",
    "result": {
        "doc-535": 0.32366435,
        "doc-506": 0.30098615,
        "doc-505": 0.22242077,
        "doc-525": 0.20558353,
        "doc-515": 0.1368158,
        "doc-521": 0.13388436,
        "doc-522": 0.13235007,
        "doc-107": 0.11986435,
        "doc-529": 0.1111791,
        "doc-135": 0.10122459,
        "doc-508": 0.09984416,
        "doc-526": 0.09715574,
        "doc-512": 0.09507309,
        "doc-528": 0.09122952,
        "doc-524": 0.09031321,
        "doc-532": 0.08586804,
        "doc-527": 0.0822861,
        "doc-519": 0.08122361,
        "doc-507": 0.08085216,
        "doc-317": 0.07940381
    },
    "precision": 0.85,
    "recall": 0.4722222222222222,
    "fscore": 0.6071428571428571
}