{
    "queryId": "q506",
    "query": "looking for old album",
    "result": {
        "doc-524": 0.40480478,
        "doc-504": 0.29637658,
        "doc-137": 0.12232606,
        "doc-406": 0.1204195,
        "doc-529": 0.11625521,
        "doc-239": 0.11193363,
        "doc-105": 0.10939729,
        "doc-508": 0.10440275,
        "doc-520": 0.1006294,
        "doc-512": 0.09941386,
        "doc-528": 0.0953948,
        "doc-532": 0.08978853,
        "doc-523": 0.08718359,
        "doc-302": 0.08530326,
        "doc-519": 0.08493205,
        "doc-507": 0.08454364,
        "doc-113": 0.08422796,
        "doc-510": 0.08078617,
        "doc-535": 0.08030271,
        "doc-414": 0.08015449
    },
    "precision": 0.65,
    "recall": 0.3611111111111111,
    "fscore": 0.4642857142857143
}