{
    "queryId": "q507",
    "query": "looking for books",
    "result": {
        "doc-503": 0.31944588,
        "doc-129": 0.21194228,
        "doc-430": 0.15733902,
        "doc-205": 0.14484264,
        "doc-529": 0.14238298,
        "doc-508": 0.12786674,
        "doc-512": 0.12175661,
        "doc-528": 0.11683429,
        "doc-504": 0.11382987,
        "doc-532": 0.10996805,
        "doc-138": 0.10475154,
        "doc-519": 0.10402009,
        "doc-507": 0.10354439,
        "doc-510": 0.09894244,
        "doc-535": 0.09835033,
        "doc-414": 0.0981688,
        "doc-403": 0.09769402,
        "doc-314": 0.08291053,
        "doc-513": 0.08239103,
        "doc-130": 0.07292752
    },
    "precision": 0.6,
    "recall": 0.3333333333333333,
    "fscore": 0.42857142857142855
}