{
    "queryId": "q508",
    "query": "Transformers toys wanted",
    "result": {
        "doc-520": 0.34327416,
        "doc-506": 0.26617503,
        "doc-505": 0.1816058,
        "doc-515": 0.11170963,
        "doc-521": 0.10931612,
        "doc-522": 0.10806338,
        "doc-107": 0.09786883,
        "doc-529": 0.09077735,
        "doc-508": 0.08152241,
        "doc-526": 0.07932733,
        "doc-512": 0.07762686,
        "doc-528": 0.07448859,
        "doc-524": 0.07374043,
        "doc-532": 0.07011097,
        "doc-527": 0.06718632,
        "doc-519": 0.0663188,
        "doc-507": 0.06601551,
        "doc-317": 0.06483294,
        "doc-536": 0.06449,
        "doc-510": 0.06308151
    },
    "precision": 0.9,
    "recall": 0.5,
    "fscore": 0.6428571428571429
}