{
    "queryId": "q509",
    "query": "looking for tandem bicycle",
    "result": {
        "doc-510": 0.62365096,
        "doc-529": 0.11625521,
        "doc-508": 0.10440275,
        "doc-512": 0.09941386,
        "doc-528": 0.0953948,
        "doc-504": 0.0929417,
        "doc-532": 0.08978853,
        "doc-519": 0.08493205,
        "doc-507": 0.08454364,
        "doc-535": 0.08030271,
        "doc-414": 0.08015449,
        "doc-503": 0.0800454,
        "doc-403": 0.07976683,
        "doc-513": 0.06727199,
        "doc-437": 0.05734097,
        "doc-137": 0.05729165,
        "doc-524": 0.05577581,
        "doc-320": 0.05415678,
        "doc-425": 0.04926619,
        "doc-317": 0.04903836
    },
    "precision": 0.65,
    "recall": 0.3611111111111111,
    "fscore": 0.4642857142857143
}