{
    "queryId": "q510",
    "query": "cassette or CD wanted",
    "result": {
        "doc-509": 0.3701834,
        "doc-533": 0.20637364,
        "doc-524": 0.19970906,
        "doc-505": 0.1816058,
        "doc-105": 0.14967188,
        "doc-116": 0.12896886,
        "doc-515": 0.11170963,
        "doc-521": 0.10931612,
        "doc-522": 0.10806338,
        "doc-107": 0.09786883,
        "doc-125": 0.09479253,
        "doc-529": 0.09077735,
        "doc-133": 0.08282531,
        "doc-508": 0.08152241,
        "doc-115": 0.08077746,
        "doc-526": 0.07932733,
        "doc-512": 0.07762686,
        "doc-121": 0.07666903,
        "doc-528": 0.07448859,
        "doc-532": 0.07011097
    },
    "precision": 0.65,
    "recall": 0.3611111111111111,
    "fscore": 0.4642857142857143
}